,Married,Single
Price,2.2028985507246377,2.06872852233677
Food_fresshness,1.7971014492753623,1.738831615120275
Ingredients,2.5942028985507246,2.725085910652921
heard of artificial_vegan meat,0.2753623188405797,0.23024054982817868
tried artificial/vegan meat,0.7101449275362319,0.563573883161512
